Substrate,Microbial Inoculum,Reactor / Mode,pH,Temp (°C),Original Yield,Original Unit,dm³ H₂/g,Conversion Calculation & Notes,Unit Group,Reference
Food waste,Heat-treated granular sludge (UASB brewery),Batch,5.5,35,0.152,dm³ H₂/g VS,0.152,Direct dm³/g VS (no conversion),Group A,"Alibardi & Cossu, 2014"
Kitchen waste,Heat-treated granular sludge,Batch,5.5,35,0.005,dm³ H₂/g VS,0.005,Direct dm³/g VS,Group A,"Alibardi & Cossu, 2014"
Vegetables,Heat-treated granular sludge,Batch,5.5,35 ± 1,0.013,dm³ H₂/g VS,0.013,Direct dm³/g VS,Group A,"Alibardi & Cossu, 2014"
OFMSW (mixed real waste),Heat-treated granular sludge,Batch,5.5,35 ± 1,0.07,dm³ H₂/g VS,0.07,Direct dm³/g VS,Group A,"Alibardi & Cossu, 2014"
Wheat straw,Thermoanaerobacterium thermosaccharolyticum M18,Batch,NA,60,3.53,mmol H₂/g,0.079121,mmol H₂/g × 22.414 ÷ 1000 → dm³ H₂/g,Group A,"Cao et al., 2014"
Barley hulls,Clostridium thermocellum ATCC 27405,Batch,NA,60,1.07,mmol H₂/g,0.023983,mmol H₂/g × 22.414 ÷ 1000 → dm³ H₂/g,Group A,"Cao et al., 2014"
Corn stalk,Clostridium sartagoforme FZ11,Batch,NA,35–45,87.2,cm³ H₂/g,0.0872,cm³ H₂/g VS ÷ 1000 → dm³ H₂/g VS,Group A,"Cao et al., 2014"
Grass,Mixed culture,Batch,NA,35,4.39,cm³ H₂/g,0.00439,cm³ H₂/g VS ÷ 1000 → dm³ H₂/g VS,Group A,"Cao et al., 2014"
Wheat straw (WST),Caldicellulosiruptor saccharolyticus DSM8903,Batch (anaerobic vials),7.2,70,44.68,L H₂/kg dry biomass,0.04468,L H₂/kg dry biomass × 0.001 → dm³ H₂/g,Group A,"Ivanova et al., 2009"
Pretreated maize leaves (PML),C. saccharolyticus DSM8903,Batch,7.2,70,38.14,L H₂/kg dry biomass,0.03814,L H₂/kg dry biomass × 0.001 → dm³ H₂/g,Group A,"Ivanova et al., 2009"
Sweet sorghum plant (SSP),C. saccharolyticus DSM8903,Batch,7.2,70,30.17,L H₂/kg dry biomass,0.03017,L H₂/kg dry biomass × 0.001 → dm³ H₂/g,Group A,"Ivanova et al., 2009"
Sugarcane bagasse (BGS),C. saccharolyticus DSM8903,Batch,7.2,70,18.21,L H₂/kg dry biomass,0.01821,L H₂/kg dry biomass × 0.001 → dm³ H₂/g,Group A,"Ivanova et al., 2009"
Untreated maize leaves (UML),C. saccharolyticus DSM8903,Batch,7.2,70,15.33,L H₂/kg dry biomass,0.01533,L H₂/kg dry biomass × 0.001 → dm³ H₂/g,Group A,"Ivanova et al., 2009"
Silphium leaves (STR),C. saccharolyticus DSM8903,Batch,7.2,70,8.14,L H₂/kg dry biomass,0.00814,L H₂/kg dry biomass × 0.001 → dm³ H₂/g,Group A,"Ivanova et al., 2009"
Delignified wood,Clostridium thermocellum 27405,Batch fermentation,6.38,60,1.6,mol H₂/mol glucose equivalent,0.1991,mol H₂/mol glucose eq. × 22.414 ÷ 180.16 → dm³ H₂/g (complex substrate; glucose MW used as conservative basis),Group C,"Levin et al., 2006"
Cellobiose,Clostridium thermocellum 27405,Batch fermentation,7.28,60,1.5,mol H₂/mol glucose equivalent,0.0982,mol H₂/mol cellobiose eq. × 22.414 ÷ 342.30 g/mol (cellobiose MW) → dm³ H₂/g,Group B,"Levin et al., 2006"
Glucose,Clostridiaceae & Flexibacteraceae,Membrane/Continuous,5.5,35,4,mol H₂/mol glucose,0.4976,mol H₂/mol glucose × 22.414 ÷ 180.16 → dm³ H₂/g,Group B,"Łukajtis et al., 2018"
Glucose,Mixed culture (WWTP sludge),Batch,4.4,35,0.55,mol H₂/mol glucose,0.0684,mol H₂/mol glucose × 22.414 ÷ 180.16 → dm³ H₂/g,Group B,"Łukajtis et al., 2018"
Sucrose,Enterobacter cloacae IIT-BT 08,Batch,5.5,34,2,mol H₂/mol sucrose,0.131,mol H₂/mol sucrose × 22.414 ÷ 342.30 → dm³ H₂/g,Group B,"Łukajtis et al., 2018"
D-Xylose,E. cloacae IIT-BT 08,Batch,6,36,0.95,mol H₂/mol glucose (C5 equiv.),0.1418,mol H₂/mol C5 pentose × 22.414 ÷ 150.13 → dm³ H₂/g,Group B,"Łukajtis et al., 2018"
L-Arabinose,E. cloacae IIT-BT 08,Batch,6,36,1.5,mol H₂/mol glucose (C5 equiv.),0.2239,mol H₂/mol C5 pentose × 22.414 ÷ 150.13 → dm³ H₂/g,Group B,"Łukajtis et al., 2018"
Cellulose,Thermoanaerobacterium thermosaccharolyticum,Fermentor/Batch,7,50–70,2.17,mol H₂/mol glucose,0.27,mol H₂/mol glucose × 22.414 ÷ 180.16 → dm³ H₂/g,Group B,"Łukajtis et al., 2018"
Sucrose,Mixed culture,Semi-continuous,6.25,45–80,2.53,mol H₂/mol sucrose,0.1657,mol H₂/mol sucrose × 22.414 ÷ 342.30 → dm³ H₂/g,Group B,"Łukajtis et al., 2018"
Sucrose,Mixed culture (municipal sewage sludge),Batch,5.5,NA,2.35,mol H₂/mol sucrose,0.1539,mol H₂/mol sucrose × 22.414 ÷ 342.30 → dm³ H₂/g,Group B,"Łukajtis et al., 2018"
Food wastes,Mixed culture (WWTP sludge),NA,5.5, ,13.13,mL H₂/g VS,0.01313,mL H₂/g VS ÷ 1000 → dm³ H₂/g VS,Group A,"Łukajtis et al., 2018"
Glucose,Enterobacter cloacae,Batch,6, ,2.2,mol H₂/mol glucose,0.2737,mol H₂/mol glucose × 22.414 ÷ 180.16 → dm³ H₂/g,Group B,"Sun et al., 2014"
Glucose,Mixed culture (compost),Batch,5.6,60,2.1,mol H₂/mol glucose,0.2613,mol H₂/mol glucose × 22.414 ÷ 180.16 → dm³ H₂/g,Group B,"Morimoto et al., 2003"
Glucose,Clostridia sp.,CSTR/Continuous,5.7,35,1.7,mol H₂/mol glucose,0.2115,mol H₂/mol glucose × 22.414 ÷ 180.16 → dm³ H₂/g,Group B,"Lin & Chang, 2003"
Glucose,Mixed culture,CSTR/Continuous,5.5,36,2.1,mol H₂/mol glucose,0.2613,mol H₂/mol glucose × 22.414 ÷ 180.16 → dm³ H₂/g,Group B,"Fang & Liu, 2002"
Glucose,Mixed culture,UASB/Continuous,7,60,2.47,mol H₂/mol glucose,0.3073,mol H₂/mol glucose × 22.414 ÷ 180.16 → dm³ H₂/g,Group B,"Kotsopoulos et al., 2006"
Glucose,E. cloacae IIT-BT 08,Batch,6,36,3,mol H₂/mol glucose,0.3732,mol H₂/mol glucose × 22.414 ÷ 180.16 → dm³ H₂/g,Group B,"Jain et al., 2022"
Glucose,Mixed culture,CSTR/Continuous,6.8,37,1.98,mol H₂/mol glucose,0.2463,mol H₂/mol glucose × 22.414 ÷ 180.16 → dm³ H₂/g,Group B,"Baeyens et al., 2020"
Sucrose,Mixed culture,Batch,5.5,34,5.01,mol H₂/mol sucrose,0.3281,mol H₂/mol sucrose × 22.414 ÷ 342.30 → dm³ H₂/g,Group B,"Baeyens et al., 2020"
Lactose,Clostridium thermolacticum,CSTR/Continuous,5.8,34,0.75,mol H₂/mol lactose,0.0491,mol H₂/mol lactose × 22.414 ÷ 342.30 → dm³ H₂/g,Group B,"Collet, 2004"
Lactose,C. thermolacticum (thermophilic),Continuous,7,58,1.5,mol H₂/mol lactose,0.0982,mol H₂/mol lactose × 22.414 ÷ 342.30 → dm³ H₂/g,Group B,"Collet, 2004"
L-Arabinose,E. cloacae IIT-BT 08,Batch,6,36,1.5,mol H₂/mol glucose (C5 equiv.),0.2239,mol H₂/mol C5 pentose × 22.414 ÷ 150.13 → dm³ H₂/g,Group B,"Bundhoo et al., 2015"
Kitchen waste,Mixed culture,Batch,5.5,37,76,mL H₂/g VS,0.076,mL H₂/g VS ÷ 1000 → dm³ H₂/g VS,Group A,"Slezak et al., 2017"
Municipal solid waste,Mixed culture,CSTR/Semi-continuous,5.7,55,52,cm³ H₂/g VS,0.052,cm³ H₂/g VS ÷ 1000 → dm³ H₂/g VS,Group A,"Zahedi et al., 2012"
Organic municipal + slaughterhouse waste,Mesophilic anaerobic sludge,Erlenmeyer/Batch,6,60–37,71.3,mL H₂/g VS,0.0713,mL H₂/g VS ÷ 1000 → dm³ H₂/g VS,Group A,"Gómez et al., 2006"
Kitchen waste,Anaerobic digester sludge,CSTR/Continuous,5.0–5.5,55,66,mL H₂/g VS,0.066,mL H₂/g VS ÷ 1000 → dm³ H₂/g VS,Group A,"Chu et al., 2012"
Synthetic food waste,Anaerobic sludge (UASB cassava),Two-stage/Batch,6,37,57,mL H₂/g VS,0.057,mL H₂/g VS ÷ 1000 → dm³ H₂/g VS,Group A,"Nathao et al., 2013"
Food waste,Anaerobic sludge,Batch,6.6,53,57,mL H₂/g VS,0.057,mL H₂/g VS ÷ 1000 → dm³ H₂/g VS,Group A,"Pan et al., 2008"
Food waste,Anaerobic sludge,Batch,5.7,35,39,mL H₂/g VS,0.039,mL H₂/g VS ÷ 1000 → dm³ H₂/g VS,Group A,"Pan et al., 2008"
Cheese whey,Mixed culture (UASB),UASB/Batch,4.5,36,9.2,mmol H₂/g COD,0.206209,"mmol H₂/g COD × 22.414 ÷ 1000 → dm³ H₂/g COD (COD ≈ VS, approximate)",Group A,"Azbar et al., 2009"
Cheese whey,Mixed culture (UASB),UASB/Batch,7.5,55,8.1,mmol H₂/g COD,0.181553,"mmol H₂/g COD × 22.414 ÷ 1000 → dm³ H₂/g COD (COD ≈ VS, approximate)",Group A,"Azbar et al., 2009"
Cheese whey,Mixed culture (UASB granules),UASB/Continuous,5.5,35,9.2,mmol H₂/g COD,0.206209,"mmol H₂/g COD × 22.414 ÷ 1000 → dm³ H₂/g COD (COD ≈ VS, approximate)",Group A,"Azbar et al., 2009"
Crude glycerol,Enterobacter aerogenes HU-101,Packed Bed/Continuous,6.8,37,1.12,mol H₂/mol glycerol,0.2726,mol H₂/mol glycerol × 22.414 ÷ 92.09 → dm³ H₂/g,Group B,"Ito et al., 2005"
Byproduct of biodiesel (sunflower),Mixed culture (anaerobic digester),UFAB/Continuous,6.8,35,0.52,mol H₂/mol glycerol,0.1266,mol H₂/mol glycerol × 22.414 ÷ 92.09 → dm³ H₂/g,Group B,"Dounavis et al., 2015"
Citric acid wastewater,Clostridium spp.,UASB/Continuous,7,38,0.84,mol H₂/mol hexose,0.1045,mol H₂/mol hexose × 22.414 ÷ 180.16 → dm³ H₂/g (complex wastewater; hexose basis),Group C,"Yang et al., 2006"
Rice straw,Mixed culture (sewage sludge),Batch,6.5,55,0.0248,mL H₂/g VS,0.000025,mL H₂/g VS ÷ 1000 → dm³ H₂/g VS,Group A,"Chen et al., 2012"
Rice straw,Heat-treated sludge (WWTP),CSTR/Batch,6.5,55,24.8,mL H₂/g VS,0.0248,mL H₂/g VS ÷ 1000 → dm³ H₂/g VS,Group A,"Chen et al., 2012"
Corn stover,Mixed culture,Batch,7,35,1.02,mL H₂/g VS,0.00102,mL H₂/g VS ÷ 1000 → dm³ H₂/g VS,Group A,"Rydén & Lyngfelt, 2006"
Wheat straw,Clostridium pasteurianum,Batch,7.5,70,0.98,mL H₂/g VS,0.00098,mL H₂/g VS ÷ 1000 → dm³ H₂/g VS,Group A,"Zhi & Wang, 2014"
Palm oil mill effluent,Clostridium,Batch serum bottle,7.5,35,0.96,mol H₂/mol sugar,0.1194,mol H₂/mol hexose × 22.414 ÷ 180.16 → dm³ H₂/g (complex wastewater; hexose basis),Group C,"Gonzales et al., 2016"
Rice husk,Clostridium,Batch serum bottle,7,35,1.25,mol H₂/mol sugar,0.1555,mol H₂/mol hexose × 22.414 ÷ 180.16 → dm³ H₂/g (complex wastewater; hexose basis),Group C,"Gonzales et al., 2016"
Pine tree wood,Clostridium,Batch serum bottle,7.5,35,0.99,mol H₂/mol sugar,0.1232,mol H₂/mol hexose × 22.414 ÷ 180.16 → dm³ H₂/g (complex wastewater; hexose basis),Group C,"Gonzales et al., 2016"
Cellulose,Thermoanaerobacterium thermosaccharolyticum,Batch,7.5,80,2.2,mol H₂/mol glucose,0.2737,mol H₂/mol glucose × 22.414 ÷ 180.16 → dm³ H₂/g. NOTE: 2.2 mol/mol is within physical range (<4 mol/mol Thauer limit); original v33 dataset had erroneous value of 12.2  corrected to 2.2 per Nguyen et al. (2008).,Group B,"Nguyen et al., 2008"
Sweet sorghum bagasse (NaOH-pretreated),Caldicellulosiruptor saccharolyticus,Stirred batch bioreactor,~6.8,72,2.6,mol H₂/mol C6 sugar,0.3235,mol H₂/mol C6 sugar × 22.414 ÷ 180.16 → dm³ H₂/g,Group B,"Panagiotopoulos et al., 2010"
Sweet sorghum bagasse (steam-exploded),Caldicellulosiruptor saccharolyticus,Stirred batch bioreactor,~6.8,72,1.3,mol H₂/mol C6 sugar,0.1617,mol H₂/mol C6 sugar × 22.414 ÷ 180.16 → dm³ H₂/g,Group B,"Panagiotopoulos et al., 2010"
Glucose,Caldicellulosiruptor saccharolyticus,Stirred batch bioreactor,~6.8,72,3.2,mol H₂/mol C6 sugar,0.3981,mol H₂/mol C6 sugar × 22.414 ÷ 180.16 → dm³ H₂/g,Group B,"Panagiotopoulos et al., 2010"
D-Xylose,Caldicellulosiruptor saccharolyticus,Stirred batch bioreactor,~6.8,72,2.8,mol H₂/mol C6 sugar,0.3484,mol H₂/mol C6 sugar × 22.414 ÷ 180.16 → dm³ H₂/g,Group B,"Panagiotopoulos et al., 2010"
Glucose,Beach sludge (Tianjin),Batch,7.2,37,0.2,mol H₂/mol glucose,0.0249,mol H₂/mol glucose × 22.414 ÷ 180.16 → dm³ H₂/g,Group B,"Liu et al., 2009"
Sucrose,Marine mixed microflora,Batch,7.4,37,0.11,mol H₂/mol sucrose,0.0072,mol H₂/mol sucrose × 22.414 ÷ 342.30 → dm³ H₂/g,Group B,"Cai et al., 2009"
Glucose,Anaerobic inoculum (ethanol facility),Batch,7.5,37,0.45,mol H₂/mol glucose,0.056,mol H₂/mol glucose × 22.414 ÷ 180.16 → dm³ H₂/g,Group B,"Chaganti et al., 2012"
Glucose,Digested sludge (WWTP),Batch,7.6,44,1.76,mol H₂/mol glucose,0.219,mol H₂/mol glucose × 22.414 ÷ 180.16 → dm³ H₂/g,Group B,"Wang & Wan, 2008"
Sucrose,Mixed cultures (WWTP sludge),Batch,5.6,60,0.43,mol H₂/mol sucrose,0.0282,mol H₂/mol sucrose × 22.414 ÷ 342.30 → dm³ H₂/g,Group B,"Zhu & Beland, 2006"
Glucose,Anaerobic cultures (industrial+municipal WWTP),Batch,5.7,60,0.45,mol H₂/mol glucose,0.056,mol H₂/mol glucose × 22.414 ÷ 180.16 → dm³ H₂/g,Group B,"Pendyala et al., 2012"
Glucose,Activated sludge (municipal WWTP),Batch,5.8,60,1.82,mol H₂/mol glucose,0.2264,mol H₂/mol glucose × 22.414 ÷ 180.16 → dm³ H₂/g,Group B,"Chang et al., 2010"
Organic waste,Mixed culture,Semi-continuous,6.5,40–80,360,mL H₂/g VS,0.36,mL H₂/g VS ÷ 1000 → dm³ H₂/g VS,Group A,"Muri et al., 2016"
Grass silage,Mixed culture (cow manure),Fermentor/Batch,6,"35, 55, 70",16,mL H₂/g VS,0.016,mL H₂/g VS ÷ 1000 → dm³ H₂/g VS,Group A,"Wang & Yin, 2018"
Sucrose,Mixed culture (municipal sewage sludge),Batch,5.5,NA,2.35,mol H₂/mol sucrose,0.1539,mol H₂/mol sucrose × 22.414 ÷ 342.30 → dm³ H₂/g,Group B,"Chen et al., 2007"
Sucrose,Mixed culture (WWTP sludge),Continuous,6.7,35,1.955,mol H₂/mol sucrose,0.128,mol H₂/mol sucrose × 22.414 ÷ 342.30 → dm³ H₂/g,Group B,"Lee et al., 2006"
Glucose,Mixed culture (granular WWTP sludge),CSTR/Continuous,5.5,37,2.7,mol H₂/mol glucose,0.3359,mol H₂/mol glucose × 22.414 ÷ 180.16 → dm³ H₂/g,Group B,"Tapia-Venegas et al., 2012"
Switchgrass steam-exploded liquor,Mixed culture (brewery ww),UASB/Continuous,6,37,2.56,mol H₂/mol hexose equivalent,0.3185,mol H₂/mol hexose × 22.414 ÷ 180.16 → dm³ H₂/g (complex wastewater; hexose basis),Group C,"Veeravalli et al., 2014"
Beverage washing wastewater,Anaerobic sludge,CSTR/Continuous,5.5,37,0.06,mol H₂/mol hexose,0.0075,mol H₂/mol hexose × 22.414 ÷ 180.16 → dm³ H₂/g (complex wastewater; hexose basis),Group C,"Liu et al., 2015"
Beverage washing wastewater,Anaerobic sludge,CSTR/Continuous,5.5,37,0.92,mol H₂/mol hexose,0.1145,mol H₂/mol hexose × 22.414 ÷ 180.16 → dm³ H₂/g (complex wastewater; hexose basis),Group C,"Liu et al., 2015"
Cheese whey,Mixed culture (sugarcane stillage),Fluidized Bed/Continuous,4.5,55,3.67,mol H₂/mol lactose,0.2403,mol H₂/mol lactose × 22.414 ÷ 342.30 → dm³ H₂/g,Group B,"Ottaviano et al., 2016"
Cheese whey,Mixed culture (sugarcane stillage),Fluidized Bed/Continuous,4.5,55,2.64,mol H₂/mol lactose,0.1729,mol H₂/mol lactose × 22.414 ÷ 342.30 → dm³ H₂/g,Group B,"Ottaviano et al., 2016"
Sewage biosolids,Mixed culture,NA,12,35,27,mL H₂/g VS,0.027,mL H₂/g VS ÷ 1000 → dm³ H₂/g VS,Group A,"Massanet-Nicolau et al., 2009"
Coffee mucilage + organic waste,Mixed culture,Stirred-tank/Batch,6,35,0,mol H₂/mol glucose,0,mol H₂/mol glucose eq. × 22.414 ÷ 180.16 → dm³ H₂/g (complex substrate; glucose MW used as conservative basis),Group C,"Cárdenas et al., 2018"
Coffee mucilage + organic waste,Mixed culture,Stirred-tank/Batch,5,30,0.02,mol H₂/mol glucose,0.0025,mol H₂/mol glucose eq. × 22.414 ÷ 180.16 → dm³ H₂/g (complex substrate; glucose MW used as conservative basis),Group C,"Cárdenas et al., 2018"
Coffee mucilage + organic waste,Mixed culture,Stirred-tank/Batch,5,40,0.031,mol H₂/mol glucose,0.0039,mol H₂/mol glucose eq. × 22.414 ÷ 180.16 → dm³ H₂/g (complex substrate; glucose MW used as conservative basis),Group C,"Cárdenas et al., 2018"
Coffee mucilage + organic waste,Mixed culture,Stirred-tank/Batch,7,30,0.149,mol H₂/mol glucose,0.0185,mol H₂/mol glucose eq. × 22.414 ÷ 180.16 → dm³ H₂/g (complex substrate; glucose MW used as conservative basis),Group C,"Cárdenas et al., 2018"
Coffee mucilage + organic waste,Mixed culture,Stirred-tank/Batch,7,40,0.107,mol H₂/mol glucose,0.0133,mol H₂/mol glucose eq. × 22.414 ÷ 180.16 → dm³ H₂/g (complex substrate; glucose MW used as conservative basis),Group C,"Cárdenas et al., 2018"
Coffee mucilage + organic waste,Mixed culture,Stirred-tank/Batch,5,30,0.101,mol H₂/mol glucose,0.0126,mol H₂/mol glucose eq. × 22.414 ÷ 180.16 → dm³ H₂/g (complex substrate; glucose MW used as conservative basis),Group C,"Cárdenas et al., 2018"
Coffee mucilage + organic waste,Mixed culture,Stirred-tank/Batch,5,40,0.082,mol H₂/mol glucose,0.0102,mol H₂/mol glucose eq. × 22.414 ÷ 180.16 → dm³ H₂/g (complex substrate; glucose MW used as conservative basis),Group C,"Cárdenas et al., 2018"
Coffee mucilage + organic waste,Mixed culture,Stirred-tank/Batch,7,30,0.248,mol H₂/mol glucose,0.0309,mol H₂/mol glucose eq. × 22.414 ÷ 180.16 → dm³ H₂/g (complex substrate; glucose MW used as conservative basis),Group C,"Cárdenas et al., 2018"
Coffee mucilage + organic waste,Mixed culture,Stirred-tank/Batch,7,40,0.176,mol H₂/mol glucose,0.0219,mol H₂/mol glucose eq. × 22.414 ÷ 180.16 → dm³ H₂/g (complex substrate; glucose MW used as conservative basis),Group C,"Cárdenas et al., 2018"
Coffee mucilage + organic waste,Mixed culture,Stirred-tank/Batch,5,30,0,mol H₂/mol glucose,0,mol H₂/mol glucose eq. × 22.414 ÷ 180.16 → dm³ H₂/g (complex substrate; glucose MW used as conservative basis),Group C,"Cárdenas et al., 2018"
Coffee mucilage + organic waste,Mixed culture,Stirred-tank/Batch,5,40,0,mol H₂/mol glucose,0,mol H₂/mol glucose eq. × 22.414 ÷ 180.16 → dm³ H₂/g (complex substrate; glucose MW used as conservative basis),Group C,"Cárdenas et al., 2018"
Coffee mucilage + organic waste,Mixed culture,Stirred-tank/Batch,7,30,0.079,mol H₂/mol glucose,0.0098,mol H₂/mol glucose eq. × 22.414 ÷ 180.16 → dm³ H₂/g (complex substrate; glucose MW used as conservative basis),Group C,"Cárdenas et al., 2018"
Coffee mucilage + organic waste,Mixed culture,Stirred-tank/Batch,7,40,0.025,mol H₂/mol glucose,0.0031,mol H₂/mol glucose eq. × 22.414 ÷ 180.16 → dm³ H₂/g (complex substrate; glucose MW used as conservative basis),Group C,"Cárdenas et al., 2018"
Coffee mucilage + organic waste,Mixed culture,Stirred-tank/Batch,5,30,0.109,mol H₂/mol glucose,0.0136,mol H₂/mol glucose eq. × 22.414 ÷ 180.16 → dm³ H₂/g (complex substrate; glucose MW used as conservative basis),Group C,"Cárdenas et al., 2018"
Coffee mucilage + organic waste,Mixed culture,Stirred-tank/Batch,5,40,0.067,mol H₂/mol glucose,0.0083,mol H₂/mol glucose eq. × 22.414 ÷ 180.16 → dm³ H₂/g (complex substrate; glucose MW used as conservative basis),Group C,"Cárdenas et al., 2018"
Coffee mucilage + organic waste,Mixed culture,Stirred-tank/Batch,7,30,0.082,mol H₂/mol glucose,0.0102,mol H₂/mol glucose eq. × 22.414 ÷ 180.16 → dm³ H₂/g (complex substrate; glucose MW used as conservative basis),Group C,"Cárdenas et al., 2018"
Coffee mucilage + organic waste,Mixed culture,Stirred-tank/Batch,7,40,0.065,mol H₂/mol glucose,0.0081,mol H₂/mol glucose eq. × 22.414 ÷ 180.16 → dm³ H₂/g (complex substrate; glucose MW used as conservative basis),Group C,"Cárdenas et al., 2018"
Coffee mucilage + organic waste,Mixed culture,Stirred-tank/Batch,5,30,0,mol H₂/mol glucose,0,mol H₂/mol glucose eq. × 22.414 ÷ 180.16 → dm³ H₂/g (complex substrate; glucose MW used as conservative basis),Group C,"Cárdenas et al., 2018"
Coffee mucilage + organic waste,Mixed culture,Stirred-tank/Batch,5,40,0,mol H₂/mol glucose,0,mol H₂/mol glucose eq. × 22.414 ÷ 180.16 → dm³ H₂/g (complex substrate; glucose MW used as conservative basis),Group C,"Cárdenas et al., 2018"
Coffee mucilage + organic waste,Mixed culture,Stirred-tank/Batch,7,30,0,mol H₂/mol glucose,0,mol H₂/mol glucose eq. × 22.414 ÷ 180.16 → dm³ H₂/g (complex substrate; glucose MW used as conservative basis),Group C,"Cárdenas et al., 2018"
Coffee mucilage + organic waste,Mixed culture,Stirred-tank/Batch,7,40,0,mol H₂/mol glucose,0,mol H₂/mol glucose eq. × 22.414 ÷ 180.16 → dm³ H₂/g (complex substrate; glucose MW used as conservative basis),Group C,"Cárdenas et al., 2018"
Coffee mucilage + organic waste,Mixed culture,Stirred-tank/Batch,5,30,0,mol H₂/mol glucose,0,mol H₂/mol glucose eq. × 22.414 ÷ 180.16 → dm³ H₂/g (complex substrate; glucose MW used as conservative basis),Group C,"Cárdenas et al., 2018"
Coffee mucilage + organic waste,Mixed culture,Stirred-tank/Batch,5,40,0,mol H₂/mol glucose,0,mol H₂/mol glucose eq. × 22.414 ÷ 180.16 → dm³ H₂/g (complex substrate; glucose MW used as conservative basis),Group C,"Cárdenas et al., 2018"
Coffee mucilage + organic waste,Mixed culture,Stirred-tank/Batch,7,30,0.018,mol H₂/mol glucose,0.0022,mol H₂/mol glucose eq. × 22.414 ÷ 180.16 → dm³ H₂/g (complex substrate; glucose MW used as conservative basis),Group C,"Cárdenas et al., 2018"
Coffee mucilage + organic waste,Mixed culture,Stirred-tank/Batch,7,40,0.029,mol H₂/mol glucose,0.0036,mol H₂/mol glucose eq. × 22.414 ÷ 180.16 → dm³ H₂/g (complex substrate; glucose MW used as conservative basis),Group C,"Cárdenas et al., 2018"
Coffee mucilage + organic waste,Mixed culture,Stirred-tank/Batch,6.5,35,0.004,mol H₂/mol glucose,0.0005,mol H₂/mol glucose eq. × 22.414 ÷ 180.16 → dm³ H₂/g (complex substrate; glucose MW used as conservative basis),Group C,"Cárdenas et al., 2018"
Coffee mucilage + organic waste,Mixed culture,Batch,5,30,0.12,dm³ H₂/dm³ substrate,0.00012,dm³ H₂/dm³ substrate ÷ 1000 g/dm³ (liquid density assumption: ρ ≈ 1 kg/dm³) → dm³ H₂/g,Group A,"Cárdenas et al., 2019"
Coffee mucilage + organic waste,Mixed culture,Batch,5,40,0.16,dm³ H₂/dm³ substrate,0.00016,dm³ H₂/dm³ substrate ÷ 1000 g/dm³ (liquid density assumption: ρ ≈ 1 kg/dm³) → dm³ H₂/g,Group A,"Cárdenas et al., 2019"
Coffee mucilage + organic waste,Mixed culture,Batch,7,30,0.78,dm³ H₂/dm³ substrate,0.00078,dm³ H₂/dm³ substrate ÷ 1000 g/dm³ (liquid density assumption: ρ ≈ 1 kg/dm³) → dm³ H₂/g,Group A,"Cárdenas et al., 2019"
Coffee mucilage + organic waste,Mixed culture,Batch,7,40,0.56,dm³ H₂/dm³ substrate,0.00056,dm³ H₂/dm³ substrate ÷ 1000 g/dm³ (liquid density assumption: ρ ≈ 1 kg/dm³) → dm³ H₂/g,Group A,"Cárdenas et al., 2019"
Coffee mucilage + organic waste,Mixed culture,Batch,5,30,0.53,dm³ H₂/dm³ substrate,0.00053,dm³ H₂/dm³ substrate ÷ 1000 g/dm³ (liquid density assumption: ρ ≈ 1 kg/dm³) → dm³ H₂/g,Group A,"Cárdenas et al., 2019"
Coffee mucilage + organic waste,Mixed culture,Batch,5,40,0.43,dm³ H₂/dm³ substrate,0.00043,dm³ H₂/dm³ substrate ÷ 1000 g/dm³ (liquid density assumption: ρ ≈ 1 kg/dm³) → dm³ H₂/g,Group A,"Cárdenas et al., 2019"
Coffee mucilage + organic waste,Mixed culture,Batch,7,30,1.295,dm³ H₂/dm³ substrate,0.001295,dm³ H₂/dm³ substrate ÷ 1000 g/dm³ (liquid density assumption: ρ ≈ 1 kg/dm³) → dm³ H₂/g,Group A,"Cárdenas et al., 2019"
Coffee mucilage + organic waste,Mixed culture,Batch,7,40,0.92,dm³ H₂/dm³ substrate,0.00092,dm³ H₂/dm³ substrate ÷ 1000 g/dm³ (liquid density assumption: ρ ≈ 1 kg/dm³) → dm³ H₂/g,Group A,"Cárdenas et al., 2019"
Coffee mucilage + organic waste,Mixed culture,Batch,7,30,0.415,dm³ H₂/dm³ substrate,0.000415,dm³ H₂/dm³ substrate ÷ 1000 g/dm³ (liquid density assumption: ρ ≈ 1 kg/dm³) → dm³ H₂/g,Group A,"Cárdenas et al., 2019"
Coffee mucilage + organic waste,Mixed culture,Batch,7,40,0.13,dm³ H₂/dm³ substrate,0.00013,dm³ H₂/dm³ substrate ÷ 1000 g/dm³ (liquid density assumption: ρ ≈ 1 kg/dm³) → dm³ H₂/g,Group A,"Cárdenas et al., 2019"
Coffee mucilage + organic waste,Mixed culture,Batch,5,30,0.57,dm³ H₂/dm³ substrate,0.00057,dm³ H₂/dm³ substrate ÷ 1000 g/dm³ (liquid density assumption: ρ ≈ 1 kg/dm³) → dm³ H₂/g,Group A,"Cárdenas et al., 2019"
Coffee mucilage + organic waste,Mixed culture,Batch,5,40,0.35,dm³ H₂/dm³ substrate,0.00035,dm³ H₂/dm³ substrate ÷ 1000 g/dm³ (liquid density assumption: ρ ≈ 1 kg/dm³) → dm³ H₂/g,Group A,"Cárdenas et al., 2019"
Coffee mucilage + organic waste,Mixed culture,Batch,7,30,0.43,dm³ H₂/dm³ substrate,0.00043,dm³ H₂/dm³ substrate ÷ 1000 g/dm³ (liquid density assumption: ρ ≈ 1 kg/dm³) → dm³ H₂/g,Group A,"Cárdenas et al., 2019"
Coffee mucilage + organic waste,Mixed culture,Batch,7,40,0.34,dm³ H₂/dm³ substrate,0.00034,dm³ H₂/dm³ substrate ÷ 1000 g/dm³ (liquid density assumption: ρ ≈ 1 kg/dm³) → dm³ H₂/g,Group A,"Cárdenas et al., 2019"
Coffee mucilage + organic waste,Mixed culture,Batch,8,30,0.095,dm³ H₂/dm³ substrate,0.000095,dm³ H₂/dm³ substrate ÷ 1000 g/dm³ (liquid density assumption: ρ ≈ 1 kg/dm³) → dm³ H₂/g,Group A,"Cárdenas et al., 2019"
Coffee mucilage + organic waste,Mixed culture,Batch,8,40,0.15,dm³ H₂/dm³ substrate,0.00015,dm³ H₂/dm³ substrate ÷ 1000 g/dm³ (liquid density assumption: ρ ≈ 1 kg/dm³) → dm³ H₂/g,Group A,"Cárdenas et al., 2019"
Food waste,Lactobacillus + Clostridium s.s. 1,Batch,5.5,37,4.85,mL H₂/g VS,0.00485,mL H₂/g VS ÷ 1000 → dm³ H₂/g VS,Group A,"Akhbari & Ibrahim, 2022"
Food waste,Lactobacillus + Clostridium s.s. 1,Batch,5.5,37,24.76,mL H₂/g VS,0.02476,mL H₂/g VS ÷ 1000 → dm³ H₂/g VS,Group A,"Akhbari & Ibrahim, 2022"
Food waste,Lactobacillus + Clostridium s.s. 1,Batch,5.5,37,12.38,mL H₂/g VS,0.01238,mL H₂/g VS ÷ 1000 → dm³ H₂/g VS,Group A,"Akhbari & Ibrahim, 2022"
Food waste,Lactobacillus + Clostridium s.s. 1,Batch,5.5,37,9.71,mL H₂/g VS,0.00971,mL H₂/g VS ÷ 1000 → dm³ H₂/g VS,Group A,"Akhbari & Ibrahim, 2022"
Food waste,Lactobacillus + Clostridium s.s. 1,Batch,5.5,37,10.12,mL H₂/g VS,0.01012,mL H₂/g VS ÷ 1000 → dm³ H₂/g VS,Group A,"Akhbari & Ibrahim, 2022"
Food waste,Lactobacillus + Clostridium s.s. 1,Batch,6,37,7.74,mL H₂/g VS,0.00774,mL H₂/g VS ÷ 1000 → dm³ H₂/g VS,Group A,"Akhbari & Ibrahim, 2022"
Food waste,Lactobacillus + Clostridium s.s. 1,Batch,6,37,18.21,mL H₂/g VS,0.01821,mL H₂/g VS ÷ 1000 → dm³ H₂/g VS,Group A,"Akhbari & Ibrahim, 2022"
Food waste,Lactobacillus + Clostridium s.s. 1,Semi-continuous,6.5,37,52,mL H₂/g VS,0.052,mL H₂/g VS ÷ 1000 → dm³ H₂/g VS,Group A,"Akhbari & Ibrahim, 2022"
Food waste,Lactobacillus + Clostridium s.s. 1,Batch,6,37,320,mL H₂/g VS,0.32,mL H₂/g VS ÷ 1000 → dm³ H₂/g VS,Group A,"Akhbari & Ibrahim, 2022"
Food waste + sewage sludge,Anaerobic digester sludge,Batch,6,35,122.9,mL H₂/g VS,0.1229,mL H₂/g VS ÷ 1000 → dm³ H₂/g VS,Group A,"Akhbari & Ibrahim, 2022"
Food waste,Thermophilic acidogenic culture,Batch,4.5,55,46.3,mL H₂/g VS,0.0463,mL H₂/g VS ÷ 1000 → dm³ H₂/g VS,Group A,"Akhbari & Ibrahim, 2022"
Food waste,Clostridium sensu stricto 1,NA,5.5,55,129.2,mL H₂/g VS,0.1292,mL H₂/g VS ÷ 1000 → dm³ H₂/g VS,Group A,"Akhbari & Ibrahim, 2022"
Food waste,Clostridium sensu stricto 1,NA,4.5,55,61.2,mL H₂/g VS,0.0612,mL H₂/g VS ÷ 1000 → dm³ H₂/g VS,Group A,"Akhbari & Ibrahim, 2022"
Glucose,Enterobacter aerogenes,Batch,6.5,38,1,mol H₂/mol substrate,0.1244,mol H₂/mol glucose × 22.414 ÷ 180.16 → dm³ H₂/g,Group B,"Okonkwo, 2019"
Glucose,Enterobacter cloacae,Batch,6,36,2.2,mol H₂/mol substrate,0.2737,mol H₂/mol glucose × 22.414 ÷ 180.16 → dm³ H₂/g,Group B,"Okonkwo, 2019"
Glucose,Clostridium beijerinckii,Batch,7.2,35,2.8,mol H₂/mol substrate,0.3484,mol H₂/mol glucose × 22.414 ÷ 180.16 → dm³ H₂/g,Group B,"Okonkwo, 2019"
Glucose,Clostridium butyricum,Batch,7.2,36,2.3,mol H₂/mol substrate,0.2861,mol H₂/mol glucose × 22.414 ÷ 180.16 → dm³ H₂/g,Group B,"Okonkwo, 2019"
Glucose,Caldicellulosiruptor saccharolyticus,Batch,7,70,3.4,mol H₂/mol substrate,0.423,mol H₂/mol glucose × 22.414 ÷ 180.16 → dm³ H₂/g,Group B,"Okonkwo, 2019"
Cellulose,Thermoanaerobacterium thermosaccharolyticum,Batch,6.8,60,1.9,mol H₂/mol substrate,0.2364,mol H₂/mol glucose × 22.414 ÷ 180.16 → dm³ H₂/g,Group B,"Okonkwo, 2019"
Glucose,Thermoanaerobacterium thermosaccharolyticum,Batch,6.5,60,2.4,mol H₂/mol substrate,0.2986,mol H₂/mol glucose × 22.414 ÷ 180.16 → dm³ H₂/g,Group B,"Okonkwo, 2019"
Xylose,Thermotoga neapolitana,Batch,6.5,60,2.6,mol H₂/mol substrate,0.3882,mol H₂/mol C5 pentose × 22.414 ÷ 150.13 → dm³ H₂/g,Group B,"Okonkwo, 2019"
Xylose,Thermotoga neapolitana,Batch,7,75,3.4,mol H₂/mol substrate,0.5076,mol H₂/mol C5 pentose × 22.414 ÷ 150.13 → dm³ H₂/g,Group B,"Okonkwo, 2019"
Glucose,Thermotoga neapolitana,Batch,7,75,3.5,mol H₂/mol substrate,0.4354,mol H₂/mol glucose × 22.414 ÷ 180.16 → dm³ H₂/g,Group B,"Okonkwo, 2019"
Cellulose,C. thermocellum + C. thermopalmarium,Batch,7,55,1.36,mol H₂/mol substrate,0.1692,mol H₂/mol glucose × 22.414 ÷ 180.16 → dm³ H₂/g,Group B,"Okonkwo, 2019"
Glucose,C. saccharolyticus + C. kristjanssonii,Continuous,6.7,70,3.7,mol H₂/mol substrate,0.4603,mol H₂/mol glucose × 22.414 ÷ 180.16 → dm³ H₂/g,Group B,"Okonkwo, 2019"
Xylose,Activated sludge,Continuous,5.5,55,1.2,mol H₂/mol substrate,0.1792,mol H₂/mol C5 pentose × 22.414 ÷ 150.13 → dm³ H₂/g,Group B,"Okonkwo, 2019"
Glucose,Activated sludge,Continuous,NA,35,1.9,mol H₂/mol substrate,0.2364,mol H₂/mol glucose × 22.414 ÷ 180.16 → dm³ H₂/g,Group B,"Okonkwo, 2019"
Glucose,Anaerobic granular sludge,Continuous,4.5,35,2.6,mol H₂/mol substrate,0.3235,mol H₂/mol glucose × 22.414 ÷ 180.16 → dm³ H₂/g,Group B,"Okonkwo, 2019"
Sucrose,Anaerobic digester sludge,Batch,5.5,60,1.96,mol H₂/mol substrate,0.1283,mol H₂/mol sucrose × 22.414 ÷ 342.30 → dm³ H₂/g,Group B,"Okonkwo, 2019"
OFMSW,Mixed culture (anaerobic digester sludge),CSTR/Continuous,5.2,37,18.2,mL H₂/g VS,0.0182,mL H₂/g VS ÷ 1000 → dm³ H₂/g VS,Group A,"Martins et al., 2022"
OFMSW,Mixed culture (anaerobic digester sludge),CSTR/Continuous,5,37,8.48,mL H₂/g VS,0.00848,mL H₂/g VS ÷ 1000 → dm³ H₂/g VS,Group A,"Martins et al., 2022"
OFMSW,Mixed culture (anaerobic digester sludge),CSTR/Continuous,5,37,1.64,mL H₂/g VS,0.00164,mL H₂/g VS ÷ 1000 → dm³ H₂/g VS,Group A,"Martins et al., 2022"
Glucose,Clostridium acetobutylicum,Batch,7,30,3.14,mol H₂/mol substrate,0.3907,mol H₂/mol glucose × 22.414 ÷ 180.16 → dm³ H₂/g,Group B,"Ergal et al., 2022"
Cassava wastewater,Clostridium acetobutylicum,Bioreactor,7,36,2.41,mol H₂/mol substrate,0.2998,mol H₂/mol glucose eq. × 22.414 ÷ 180.16 → dm³ H₂/g (complex substrate; glucose MW used as conservative basis),Group C,"Ergal et al., 2022"
Sugarcane molasses,Clostridium acetobutylicum,Fermenter,6.5,30,1.3,mol H₂/mol substrate,0.0851,mol H₂/mol sucrose × 22.414 ÷ 342.30 → dm³ H₂/g,Group B,"Ergal et al., 2022"
Maltose,Enterobacter aerogenes,Flask,6.5,35,2.16,mol H₂/mol substrate,0.1414,mol H₂/mol sucrose × 22.414 ÷ 342.30 → dm³ H₂/g,Group B,"Ergal et al., 2022"
Corn starch,Enterobacter aerogenes,Bioreactor,5.5,40,1.8,mol H₂/mol substrate,0.2239,mol H₂/mol glucose × 22.414 ÷ 180.16 → dm³ H₂/g,Group B,"Ergal et al., 2022"
Glucose,Enterobacter aerogenes,Bioreactor,uncontrolled,37,1.36,mol H₂/mol substrate,0.1692,mol H₂/mol glucose × 22.414 ÷ 180.16 → dm³ H₂/g,Group B,"Ergal et al., 2022"
Glucose,Enterobacter aerogenes,Bioreactor,6.8,30,0.55,mol H₂/mol substrate,0.0684,mol H₂/mol glucose × 22.414 ÷ 180.16 → dm³ H₂/g,Group B,"Ergal et al., 2022"
Corn starch,Enterobacter aerogenes,Bioreactor,6.5,39,1.09,mol H₂/mol substrate,0.1356,mol H₂/mol glucose × 22.414 ÷ 180.16 → dm³ H₂/g,Group B,"Ergal et al., 2022"
Sweet potato starch,Clostridium butyricum + Enterobacter aerogenes,Stirred reactor,5.25,37,2.4,mol H₂/mol substrate,0.2986,mol H₂/mol glucose × 22.414 ÷ 180.16 → dm³ H₂/g,Group B,"Ergal et al., 2022"
Starch,Clostridium butyricum + C. pasteurianum,Bioreactor,5.3,30,2.32,mol H₂/mol substrate,0.2886,mol H₂/mol glucose × 22.414 ÷ 180.16 → dm³ H₂/g,Group B,"Ergal et al., 2022"
Glucose,Clostridium butyricum + C. pasteurianum,Bioreactor,5.3,30,2.12,mol H₂/mol substrate,0.2638,mol H₂/mol glucose × 22.414 ÷ 180.16 → dm³ H₂/g,Group B,"Ergal et al., 2022"
Glucose,Klebsiella pneumoniae + Citrobacter freundii,Fermenter,6.5,37,2.07,mol H₂/mol substrate,0.2575,mol H₂/mol glucose × 22.414 ÷ 180.16 → dm³ H₂/g,Group B,"Ergal et al., 2022"
Glucose,Enterobacter aerogenes + C. acetobutylicum,Stirred tank,6,37,6.18,mol H₂/mol substrate,0.7689,mol H₂/mol glucose × 22.414 ÷ 180.16 → dm³ H₂/g,Group B,"Ergal et al., 2022"
Glucose,Enterobacter aerogenes + C. acetobutylicum,Stirred tank,uncontrolled,37,4.45,mol H₂/mol substrate,0.5536,mol H₂/mol glucose × 22.414 ÷ 180.16 → dm³ H₂/g,Group B,"Ergal et al., 2022"
Pig slurry,Thermophilic bacteria,NA,6,36,7,mL H₂/g VS,0.007,mL H₂/g VS ÷ 1000 → dm³ H₂/g VS,Group A,"Li et al., 2020"
Food waste,Anaerobic sludge,Batch stirred tank,4.5,37,0.97,mol H₂/mol glucose eq.,0.1207,mol H₂/mol glucose eq. × 22.414 ÷ 180.16 → dm³ H₂/g (complex substrate; glucose MW used as conservative basis),Group C,"Zagklis et al., 2021"
Food waste,Anaerobic sludge,Batch stirred tank,6,37,1.33,mol H₂/mol glucose eq.,0.1655,mol H₂/mol glucose eq. × 22.414 ÷ 180.16 → dm³ H₂/g (complex substrate; glucose MW used as conservative basis),Group C,"Zagklis et al., 2021"
Food waste,Anaerobic sludge,Batch stirred tank,6,37,4.05,NL H₂/L-reactor,EXCLUDED,EXCLUDED: L H₂/L-reactor is volumetric productivity; requires substrate loading for mass-specific conversion,Excluded,"Zagklis et al., 2021"
Food waste,Anaerobic sludge,Batch stirred tank,6,37,1.35,L H₂/L reactor,EXCLUDED,EXCLUDED: L H₂/L-reactor is volumetric productivity; requires substrate loading for mass-specific conversion,Excluded,"Tsigkou et al., 2019b"
Food waste,Thermophilic acidogenic culture,Batch,4.5,55,46.3,mL H₂/g VS,0.0463,mL H₂/g VS ÷ 1000 → dm³ H₂/g VS,Group A,"Gavala et al., 2005"
Food waste + sewage sludge,Anaerobic digester sludge,Batch,5.5,35,122.9,mL H₂/g VS,0.1229,mL H₂/g VS ÷ 1000 → dm³ H₂/g VS,Group A,"Kim, 2004"
OFMSW,Anaerobic digestate,Semicontinuous CSTR,6.4,55,360,mL H₂/g VS,0.36,mL H₂/g VS ÷ 1000 → dm³ H₂/g VS,Group A,"Valdezvazquez et al., 2004"
OFMSW,Untreated anaerobic digestate,CSTR/Batch,5.5,37,165,mL H₂/g VS,0.165,mL H₂/g VS ÷ 1000 → dm³ H₂/g VS,Group A,"Valdezvazquez et al., 2004"
OFMSW,Untreated anaerobic digestate,CSTR/Batch,6.4,55,360,mL H₂/g VS,0.36,mL H₂/g VS ÷ 1000 → dm³ H₂/g VS,Group A,"Valdezvazquez et al., 2004"
OFMSW,Non-anaerobic inocula,Packed bed,5.6,38,99,mL H₂/g VS,0.099,mL H₂/g VS ÷ 1000 → dm³ H₂/g VS,Group A,"Alzate-Gaviria et al., 2007"
Wheat straw,Cow dung compost,Batch,6.5,36,68.1,mL H₂/g VS,0.0681,mL H₂/g VS ÷ 1000 → dm³ H₂/g VS,Group A,"Fan et al., 2005"
Wheat straw,Cow dung compost,CSTR/Batch,7,36,68,mL H₂/g VS,0.068,mL H₂/g VS ÷ 1000 → dm³ H₂/g VS,Group A,"Fan et al., 2005"
Wheat straw,Cow dung compost,Batch,NA,36,76.9,mL H₂/g VS,0.0769,mL H₂/g VS ÷ 1000 → dm³ H₂/g VS,Group A,"Fan et al., 2005"
Corn stover,Enriched cow dung compost,Batch,6,80,149.69,mL H₂/g VS,0.14969,mL H₂/g VS ÷ 1000 → dm³ H₂/g VS,Group A,"Zhang et al., 2006"
Corn stalk waste,Enriched cow dung compost,Batch CSTR,7,50,149.69,mL H₂/g VS,0.14969,mL H₂/g VS ÷ 1000 → dm³ H₂/g VS,Group A,"Zhang et al., 2006"
Rice slurry,Anaerobic digester sludge,Batch,4.5,37,346,mL H₂/g VS,0.346,mL H₂/g VS ÷ 1000 → dm³ H₂/g VS,Group A,"Fang et al., 2005"
Cheese whey,Adapted anaerobic sludge,Batch,5.5,55,111,mL H₂/g VS,0.111,mL H₂/g VS ÷ 1000 → dm³ H₂/g VS,Group A,"Kargi et al., 2012"
Cheese whey,Adapted anaerobic sludge,Batch,7,55,111,mL H₂/g VS,0.111,mL H₂/g VS ÷ 1000 → dm³ H₂/g VS,Group A,"Kargi et al., 2012"
Glucose,Enterobacter cloacae IIT-BT08,Batch,6,36,2.2,mol H₂/mol glucose,0.2737,mol H₂/mol glucose × 22.414 ÷ 180.16 → dm³ H₂/g,Group B,"Kumar & Das, 2000b"
Glucose,Enterobacter cloacae,Batch stirred tank,6,37,1.9,mol H₂/mol glucose,0.2364,mol H₂/mol glucose × 22.414 ÷ 180.16 → dm³ H₂/g,Group B,"Mandal et al., 2006"
Glucose,Enterobacter cloacae,Batch stirred tank,6,37,3.9,mol H₂/mol glucose,0.4852,mol H₂/mol glucose × 22.414 ÷ 180.16 → dm³ H₂/g,Group B,"Mandal et al., 2006"
Glucose,Enterobacter cloacae,Batch stirred tank,6,37,0.017,mmol H₂/h/L,EXCLUDED,"EXCLUDED: mmol H₂/h/L is a rate, not a yield per substrate mass",Excluded,"Mandal et al., 2006"
Glucose,Enterobacter cloacae,Batch stirred tank,6,37,3,g (uninterpretable),EXCLUDED,EXCLUDED: unit "g" without denominator  not interpretable as yield,Excluded,"Mandal et al., 2006"
Glucose,Caldicellulosiruptor saccharolyticus DSM8903,Batch,6.9,72,3.4,mol H₂/mol glucose,0.423,mol H₂/mol glucose × 22.414 ÷ 180.16 → dm³ H₂/g,Group B,"Mars et al., 2010"
Glucose,Thermotoga neapolitana DSM 4349,Batch,6.9,75,2.09,mol H₂/mol glucose,0.26,mol H₂/mol glucose × 22.414 ÷ 180.16 → dm³ H₂/g. NOTE: original entry had typographic error "2:09"  corrected to 2.09.,Group B,"Mars et al., 2010"
Cellulose,C. thermocellum DSM 1237 + C. thermopalmarium DSM 5974,Batch,6.8,55,1.36,mol H₂/mol glucose,0.1692,mol H₂/mol glucose × 22.414 ÷ 180.16 → dm³ H₂/g,Group B,"Geng et al., 2010"
Food waste,Heat shock treated anaerobic sludge,Leaching bed,6.3,35,310,mL H₂/g VS,0.31,mL H₂/g VS ÷ 1000 → dm³ H₂/g VS,Group A,"Cai et al., 2004b"
Food waste,Thermophilic acidogenic culture,Batch,4.5,55,46.3,mL H₂/g VSS,0.0463,mL H₂/g VS ÷ 1000 → dm³ H₂/g VS,Group A,"Ghimire et al., 2015"
Vegetable kitchen waste,Kitchen waste compost,Intermittent CSTR,6,55,38,mL H₂/g VS,0.038,mL H₂/g VS ÷ 1000 → dm³ H₂/g VS,Group A,"Ghimire et al., 2015"
Food waste & sewage sludge,Anaerobic digester sludge,Batch,6,35,122.9,mL H₂/g VSS,0.1229,mL H₂/g VS ÷ 1000 → dm³ H₂/g VS,Group A,"Ghimire et al., 2015"
OFMSW,Anaerobic digestate,Semicontinuous CSTR,6.4,55,360,mL H₂/g VS,0.36,mL H₂/g VS ÷ 1000 → dm³ H₂/g VS,Group A,"Ghimire et al., 2015"
OFMSW,"Non-anaerobic inocula (soil, pig excreta)",Packed bed reactor,5.6,38,99,mL H₂/g VS,0.099,mL H₂/g VS ÷ 1000 → dm³ H₂/g VS,Group A,"Ghimire et al., 2015"
Wheat straw,Cow dung compost,Batch,6.5,36,68.1,mL H₂/g VS,0.0681,mL H₂/g VS ÷ 1000 → dm³ H₂/g VS,Group A,"Ghimire et al., 2015"
Rice slurry,Anaerobic digester sludge,Batch CSTR,4.5,37,346,mL H₂/g VS,0.346,mL H₂/g VS ÷ 1000 → dm³ H₂/g VS,Group A,"Ghimire et al., 2015"
Corn stalk waste,Enriched cow dung compost,Batch CSTR,7,50,149.69,mL H₂/g VS,0.14969,mL H₂/g VS ÷ 1000 → dm³ H₂/g VS,Group A,"Ghimire et al., 2015"
Cheese whey,Adapted anaerobic sludge,Batch,7,55,111,mL H₂/g VS,0.111,mL H₂/g VS ÷ 1000 → dm³ H₂/g VS,Group A,"Ghimire et al., 2015"
Algae biomass,Anaerobic digester sludge,Batch,6,29,66,mL H₂/g VS,0.066,mL H₂/g VS ÷ 1000 → dm³ H₂/g VS,Group A,"Ghimire et al., 2015"
Potato + pumpkin mixture,BESA-treated anaerobic sludge,Batch,7.4,35,171.1,mL H₂/g VS,0.1711,mL H₂/g VS ÷ 1000 → dm³ H₂/g VS,Group A,"Ghimire et al., 2015"
Cassava wastewater,Heat treated UASB sludge,CSTR/Batch,7,60,53.8,mL H₂/g VS,0.0538,mL H₂/g VS ÷ 1000 → dm³ H₂/g VS,Group A,"Luo et al., 2010"
Cassava wastewater,Heat treated UASB sludge,CSTR/Batch,5,60,66.3,mL H₂/g VS,0.0663,mL H₂/g VS ÷ 1000 → dm³ H₂/g VS,Group A,"Luo et al., 2010"
Cattle wastewater,Mixed culture (various sludges),CSTR/Batch,5.5,45,319,mL H₂/g VS,0.319,mL H₂/g VS ÷ 1000 → dm³ H₂/g VS,Group A,"Tang et al., 2008"
Glucose,Mixed culture,CSTR/Batch-fed AnSMBR,6,35,1.1,mol H₂/mol glucose,0.1369,mol H₂/mol glucose × 22.414 ÷ 180.16 → dm³ H₂/g,Group B,"Trad et al., 2015"
Wheat straw,Mixed culture,AnSMBR (fed-batch/cyclic),6,35,1.1,mol H₂/mol hexose,0.1369,mol H₂/mol hexose × 22.414 ÷ 180.16 → dm³ H₂/g (complex wastewater; hexose basis),Group C,"Trad et al., 2015"
Wheat straw,Mixed culture,Batch,6,36,68.1,mL H₂/g substrate,0.0681,mL H₂/g VS ÷ 1000 → dm³ H₂/g VS,Group A,"Trad et al., 2015"
Food waste (mixed cafeteria),Mixed culture,Membrane/Continuous,5.5,55,63,mL H₂/g VS,0.063,mL H₂/g VS ÷ 1000 → dm³ H₂/g VS,Group A,"Lee et al., 2014"
Food waste (mixed cafeteria),Mixed culture,Membrane/Continuous,5.5,55,74.2,mL H₂/g VS,0.0742,mL H₂/g VS ÷ 1000 → dm³ H₂/g VS,Group A,"Lee et al., 2014"
Food waste (mixed cafeteria),Mixed culture,Membrane/Continuous,5.5,55,111.1,mL H₂/g VS,0.1111,mL H₂/g VS ÷ 1000 → dm³ H₂/g VS,Group A,"Lee et al., 2014"
Synthetic wastewater,Mixed culture (seed sludge),Membrane/Continuous,NA,23,192.76,mL H₂/g VS,0.19276,mL H₂/g VS ÷ 1000 → dm³ H₂/g VS,Group A,"Shen et al., 2010"
Glucose,Mixed culture (mesophilic),Membrane/Continuous,NA,35,1.19,mol H₂/mol glucose,0.148,mol H₂/mol glucose × 22.414 ÷ 180.16 → dm³ H₂/g,Group B,"Lee et al., 2009"
Sucrose,Mixed culture,CSTR/Continuous,NA,35,3.31,mol H₂/mol sucrose,0.2167,mol H₂/mol sucrose × 22.414 ÷ 342.30 → dm³ H₂/g,Group B,"Han et al., 2014"
Wheat starch,Mixed culture (anaerobic sludge),Fed-batch,NA,35,3.1,mol H₂/mol glucose,0.3857,mol H₂/mol glucose × 22.414 ÷ 180.16 → dm³ H₂/g,Group B,"Kargi & Pamukoglu, 2009"
Food waste,Mixed culture (anaerobic digester sludge),Batch,NA,55,135.2,mL H₂/g VS,0.1352,mL H₂/g VS ÷ 1000 → dm³ H₂/g VS,Group A,"Jariyaboon et al., 2023"
Glucose,Mixed culture (anaerobic digester sludge),Batch,NA,55,80.6,mL H₂/g VS,0.0806,mL H₂/g VS ÷ 1000 → dm³ H₂/g VS,Group A,"Jariyaboon et al., 2023"
Food waste,Mixed culture (anaerobic digester sludge),CSTR/Continuous,5.3,55,104.9,mL H₂/g VS,0.1049,mL H₂/g VS ÷ 1000 → dm³ H₂/g VS,Group A,"Jariyaboon et al., 2023"
Food waste + sewage sludge,Sewage sludge,ASBR/Continuous,7,35,62,mL H₂/g VS,0.062,mL H₂/g VS ÷ 1000 → dm³ H₂/g VS,Group A,"Nam et al., 2015"
Fruit and vegetable waste,Sewage sludge,Batch,9.2,34,52.1,mL H₂/g VS,0.0521,mL H₂/g VS ÷ 1000 → dm³ H₂/g VS,Group A,"Di Perta et al., 2022"
Fruit and vegetable waste,Sewage sludge,Batch,5.5,34,193,mL H₂/g VS,0.193,mL H₂/g VS ÷ 1000 → dm³ H₂/g VS,Group A,"Di Perta et al., 2022"
Fruit and vegetable waste,Sewage sludge,Batch,6,34,174.3,mL H₂/g VS,0.1743,mL H₂/g VS ÷ 1000 → dm³ H₂/g VS,Group A,"Di Perta et al., 2022"
Fruit and vegetable waste,Sewage sludge,Batch,6.5,34,158.9,mL H₂/g VS,0.1589,mL H₂/g VS ÷ 1000 → dm³ H₂/g VS,Group A,"Di Perta et al., 2022"
Fruit and vegetable waste,Sewage sludge,Batch,7,34,86.7,mL H₂/g VS,0.0867,mL H₂/g VS ÷ 1000 → dm³ H₂/g VS,Group A,"Di Perta et al., 2022"
Fruit and vegetable waste,Sewage sludge,Batch,7.5,34,115.1,mL H₂/g VS,0.1151,mL H₂/g VS ÷ 1000 → dm³ H₂/g VS,Group A,"Di Perta et al., 2022"
Fruit and vegetable waste,Sewage sludge,Batch,8,34,100.5,mL H₂/g VS,0.1005,mL H₂/g VS ÷ 1000 → dm³ H₂/g VS,Group A,"Di Perta et al., 2022"
Fruit and vegetable waste,Sewage sludge,Batch,7.8,34,97.8,mL H₂/g VS,0.0978,mL H₂/g VS ÷ 1000 → dm³ H₂/g VS,Group A,"Di Perta et al., 2022"
Fruit and vegetable waste,Sewage sludge,Batch,NA,34,151.7,mL H₂/g VS,0.1517,mL H₂/g VS ÷ 1000 → dm³ H₂/g VS,Group A,"Di Perta et al., 2022"
Fruit and vegetable waste,Sewage sludge,Batch,NA,34,146.7,mL H₂/g VS,0.1467,mL H₂/g VS ÷ 1000 → dm³ H₂/g VS,Group A,"Di Perta et al., 2022"
Fruit and vegetable waste,Sewage sludge,Batch,NA,34,111.2,mL H₂/g VS,0.1112,mL H₂/g VS ÷ 1000 → dm³ H₂/g VS,Group A,"Di Perta et al., 2022"
Apple,Mixed culture (thermophilic biogas sludge),CSTR/Continuous,5,55,635,mL H₂/g VS,0.635,mL H₂/g VS ÷ 1000 → dm³ H₂/g VS,Group A,"Akinbomi & Taherzadeh, 2015"
Melon,Sewage sludge,CSTR/Continuous,5,55,352,mL H₂/g VS,0.352,mL H₂/g VS ÷ 1000 → dm³ H₂/g VS,Group A,"Akinbomi & Taherzadeh, 2015"
Apple,Sewage sludge,CSTR/Continuous,5,55,440,mL H₂/g VS,0.44,mL H₂/g VS ÷ 1000 → dm³ H₂/g VS,Group A,"Akinbomi & Taherzadeh, 2015"
Grape,Sewage sludge,CSTR/Continuous,5,55,182,mL H₂/g VS,0.182,mL H₂/g VS ÷ 1000 → dm³ H₂/g VS,Group A,"Akinbomi & Taherzadeh, 2015"
Apple + Melon + Grape,Sewage sludge,CSTR/Continuous,5,55,523,mL H₂/g VS,0.523,mL H₂/g VS ÷ 1000 → dm³ H₂/g VS,Group A,"Akinbomi & Taherzadeh, 2015"
Apple + Melon + Grape,Sewage sludge,CSTR/Continuous,5,55,553,mL H₂/g VS,0.553,mL H₂/g VS ÷ 1000 → dm³ H₂/g VS,Group A,"Akinbomi & Taherzadeh, 2015"
Apple + Melon + Grape,Sewage sludge,CSTR/Continuous,5,55,491,mL H₂/g VS,0.491,mL H₂/g VS ÷ 1000 → dm³ H₂/g VS,Group A,"Akinbomi & Taherzadeh, 2015"
Apple,Sewage sludge,CSTR/Continuous,5,55,504,mL H₂/g VS,0.504,mL H₂/g VS ÷ 1000 → dm³ H₂/g VS,Group A,"Akinbomi & Taherzadeh, 2015"
Apple + Melon + Grape,Sewage sludge,CSTR/Continuous,5,55,513,mL H₂/g VS,0.513,mL H₂/g VS ÷ 1000 → dm³ H₂/g VS,Group A,"Akinbomi & Taherzadeh, 2015"
Food waste,Mixed culture (anaerobic digester sludge),Batch,NA,50,135,mL H₂/g VS,0.13,mL H₂/g VS ÷ 1000 → dm³ H₂/g VS,Group A,"Derdiche et al., 2025"
Food waste,Mixed culture (anaerobic digester sludge),CSTR/Continuous,NA,50,104,mL H₂/g VS,0.104,mL H₂/g VS ÷ 1000 → dm³ H₂/g VS,Group A,"Derdiche et al., 2025"
Spent coffee grounds,Sewage sludge,Batch,5.5,40,3.85,mL H₂/g VS,0.00385,mL H₂/g VS ÷ 1000 → dm³ H₂/g VS,Group A,"Derdiche et al., 2025"
Food waste,Mixed culture (WWTP sludge),Stirred-tank/Batch,5.5,55,47,mL H₂/g VS,0.047,mL H₂/g VS ÷ 1000 → dm³ H₂/g VS,Group A,"Derdiche et al., 2025"
Food waste,Mixed culture (anaerobic digestate),Batch, ,37,35,mL H₂/g VS,0.035,mL H₂/g VS ÷ 1000 → dm³ H₂/g VS,Group A,"Derdiche et al., 2025"
Food waste,Mixed culture (anaerobic sludge),Batch,7.5,35,157.25,mL H₂/g VS,0.15725,mL H₂/g VS ÷ 1000 → dm³ H₂/g VS,Group A,"Albuquerque et al., 2024"
Food waste,Mixed culture (indigenous),Batch,5.5,37,118,mL H₂/g VS,0.118,mL H₂/g VS ÷ 1000 → dm³ H₂/g VS,Group A,"Albuquerque et al., 2024"
Algal biomass,Mixed culture (anaerobic sludge),Batch,NA,37,116.3,mL H₂/g VS,0.1163,mL H₂/g VS ÷ 1000 → dm³ H₂/g VS,Group A,"Albuquerque et al., 2024"
Algal biomass,Mixed culture (anaerobic sludge),Batch,5.5,35,190.9,mL H₂/g VS,0.1909,mL H₂/g VS ÷ 1000 → dm³ H₂/g VS,Group A,"Albuquerque et al., 2024"
Algal biomass,Thermococcus eurythermalis,Batch,NA,85,192.35,mL H₂/g VS,0.19235,mL H₂/g VS ÷ 1000 → dm³ H₂/g VS,Group A,"Albuquerque et al., 2024"
Algal biomass,Thermococcus eurythermalis,Batch,NA,85,183.02,mL H₂/g VS,0.18302,mL H₂/g VS ÷ 1000 → dm³ H₂/g VS,Group A,"Albuquerque et al., 2024"
Algal biomass,Clostridium butyricum,Batch,NA,37,113.1,mL H₂/g VS,0.1131,mL H₂/g VS ÷ 1000 → dm³ H₂/g VS,Group A,"Albuquerque et al., 2024"
Algal biomass,Enterobacter aerogenes,Batch,NA,30,57.6,mL H₂/g VS,0.0576,mL H₂/g VS ÷ 1000 → dm³ H₂/g VS,Group A,"Albuquerque et al., 2024"
Cattle manure,Cow dung compost,Batch,5,36,31.5,mL H₂/g VS,0.0315,mL H₂/g VS ÷ 1000 → dm³ H₂/g VS,Group A,"Albuquerque et al., 2024"
Cattle manure,Mixed culture (anaerobic sludge),Batch,NA,NA,44.59,mL H₂/g VS,0.04459,mL H₂/g VS ÷ 1000 → dm³ H₂/g VS,Group A,"Albuquerque et al., 2024"
Vinasse and Nejayote,Mixed culture (anaerobic digestate),Batch,5.5,35,115,mL H₂/g VS,0.115,mL H₂/g VS ÷ 1000 → dm³ H₂/g VS,Group A,"Albuquerque et al., 2024"
Food waste,Sewage sludge,CSTR/Continuous,4.9,35,8.2,mL H₂/g VS,0.0082,mL H₂/g VS ÷ 1000 → dm³ H₂/g VS,Group A,"Kontodimos et al., 2025"
Food waste,Sewage sludge,CSTR/Continuous,5.6,35,6.1,mL H₂/g VS,0.0061,mL H₂/g VS ÷ 1000 → dm³ H₂/g VS,Group A,"Kontodimos et al., 2025"
